"sample","TypeI_score","TypeII_score","delta","Type_call"
"53",-0.238469032713153,-0.0281093101231737,-0.210359722589979,"Type II"
"59",0.0317611223884064,-0.110044127099946,0.141805249488353,"Type I"
"88",0.0337307498181527,-0.106151155585669,0.139881905403821,"Type I"
"91",-0.0968226336418174,-0.028436499250071,-0.0683861343917464,"Type II"
"133",-0.147515897612817,0.0521721883451179,-0.199688085957935,"Type II"
"178",0.0616175235235386,-0.212871272794658,0.274488796318197,"Type I"
"190",0.117062799696019,-0.224149163496117,0.341211963192136,"Type I"
"237",-0.0701829386084379,-0.0740012045192636,0.00381826591082568,"Type I"
"238",0.0217457693274091,-0.207172970124448,0.228918739451857,"Type I"
"240",-0.244478684591626,0.176515638482074,-0.4209943230737,"Type II"
"248",-0.182949389463901,0.203612978695066,-0.386562368158967,"Type II"
"249",-0.182542350730096,0.147009259741839,-0.329551610471935,"Type II"
"250",-0.223680545440704,0.216160536937626,-0.43984108237833,"Type II"
"251",0.0666106786721824,-0.158220554426319,0.224831233098501,"Type I"
"253",-0.173799598769819,0.158159749367338,-0.331959348137157,"Type II"
"254",0.0792442808857691,-0.164664442938795,0.243908723824564,"Type I"
"255",-0.197221707617697,0.198609590984637,-0.395831298602333,"Type II"
"256",-0.142127144819101,0.0103252781107578,-0.152452422929859,"Type II"
"257",-0.185807901479905,0.0780201293700017,-0.263828030849906,"Type II"
"277",-0.225641372032963,0.145500715183313,-0.371142087216275,"Type II"
"280",0.0942893125709843,-0.181071674687143,0.275360987258128,"Type I"
"316",0.126433931452917,-0.27620987589977,0.402643807352687,"Type I"
"317",0.0967495866906695,-0.197504965746483,0.294254552437153,"Type I"
"323",0.0385206056208309,-0.186489115894442,0.225009721515273,"Type I"
"371",0.0348502163465876,-0.0155472744856182,0.0503974908322057,"Type I"
"375",-0.122641210537595,0.129047155770979,-0.251688366308574,"Type II"
"378",-0.223019162503504,0.112900517132549,-0.335919679636053,"Type II"
"413",-0.258520420803244,0.205283670077541,-0.463804090880785,"Type II"
"451",0.0724465140102731,-0.194040525124071,0.266487039134344,"Type I"
"514",0.0499528935173471,-0.21006265816554,0.260015551682887,"Type I"
"660",-0.00574848702602537,-0.135350613552,0.129602126525975,"Type I"
"731",0.0326566076027794,-0.21799482288355,0.250651430486329,"Type I"
"757",0.186986773661382,-0.232204386071588,0.419191159732969,"Type I"
"832",0.197220827533948,-0.26035133742175,0.457572164955698,"Type I"
"1007",0.102800602505334,-0.244390009439262,0.347190611944596,"Type I"
"1033",-0.23742701355461,0.201728021866657,-0.439155035421267,"Type II"
"1047",-0.235819540587482,0.215823213634232,-0.451642754221714,"Type II"
"1264",0.156814422460441,-0.234084999681497,0.390899422141939,"Type I"
"1457",-0.000372495446666732,0.00108290914565989,-0.00145540459232663,"Type II"
"1616",0.0865630573405366,-0.184604159066034,0.271167216406571,"Type I"
"1790",0.0821903612347751,-0.215875332256215,0.29806569349099,"Type I"
"2460",0.00571196355045145,-0.0866978799302768,0.0924098434807283,"Type I"
"2509",0.0700518061298714,-0.141483238072074,0.211535044201946,"Type I"
"2539",-0.148618202508151,-0.00245681393072855,-0.146161388577422,"Type II"
"2614",-0.0941520195061762,-0.060878893695384,-0.0332731258107922,"Type II"
"2620",0.134872174436119,-0.249192161359254,0.384064335795373,"Type I"
"2624",-0.138368747169981,-0.0124230526455992,-0.125945694524382,"Type II"
"2675",-0.0481474017067464,-0.0816858057828506,0.0335384040761042,"Type I"
"2677",0.0678089126961321,-0.192572517271532,0.260381429967664,"Type I"
"2698",-0.109120483905248,-0.125139706861706,0.0160192229564577,"Type I"
"2704",-0.161436182267105,0.100788728479352,-0.262224910746457,"Type II"
"2742",0.159923758344844,-0.195967466397966,0.35589122474281,"Type I"
"2806",-0.0118144642644194,-0.082015890388747,0.0702014261243276,"Type I"
"2862",0.0619699970649207,-0.197457190342998,0.259427187407919,"Type I"
"2897",-0.130350304134941,0.137908769247697,-0.268259073382638,"Type II"
"3018",0.03372546931566,-0.173458012659034,0.207183481974694,"Type I"
"3053",-0.0735096551787868,-0.140135392597998,0.0666257374192107,"Type I"
"3054",0.0774405492426659,-0.193519338904235,0.270959888146901,"Type I"
"3078",-0.250501097684456,0.178391908873485,-0.428893006557941,"Type II"
"3087",-0.0655066136093511,-0.161690786006729,0.096184172397378,"Type I"
"3096",0.107222583301027,-0.253447067748418,0.360669651049445,"Type I"
"3100",-0.166693362540379,0.0201163403461835,-0.186809702886563,"Type II"
"3101",0.139031450232804,-0.265451723678648,0.404483173911452,"Type I"
"3103",-0.206656645446381,-0.014187847095545,-0.192468798350836,"Type II"
"3104",-0.174808174745909,0.216525367291511,-0.39133354203742,"Type II"
"3105",-0.203807374309739,0.114572656254524,-0.318380030564264,"Type II"
"3108",-0.195535467155054,0.0405410492057702,-0.236076516360825,"Type II"
"3110",0.103871664427587,-0.224364876681549,0.328236541109136,"Type I"
"3124",0.0831307307203353,-0.242247354979934,0.32537808570027,"Type I"
"3129",-0.266918619975877,0.160929275029968,-0.427847895005845,"Type II"
"3137",-0.17569441908092,0.0205897511625348,-0.196284170243455,"Type II"
"3175",-0.234677631923454,0.185811573808655,-0.420489205732109,"Type II"
"3332",-0.151577044071514,0.11770701227104,-0.269284056342554,"Type II"
"3342",-0.0740891903273516,-0.180596816131293,0.106507625803941,"Type I"
"3343",-0.119766416972239,0.0949688156911798,-0.214735232663419,"Type II"
"3346",-0.219386176788583,0.182309491959255,-0.401695668747838,"Type II"
"3348",-0.136047086240727,0.12926865991441,-0.265315746155136,"Type II"
"3351",0.0628654822792937,-0.17939519234667,0.242260674625964,"Type I"
"3359",-0.0846493152288372,0.129815905445238,-0.214465220674075,"Type II"
"3363",-0.136785916547819,-0.0320848027889254,-0.104701113758893,"Type II"
"3365",0.0676852609294301,-0.161207241013881,0.228892501943311,"Type I"
"3366",0.150955704944883,-0.235745556887476,0.386701261832358,"Type I"
"3374",0.160869408332897,-0.26614519089893,0.427014599231827,"Type I"
"3439",-0.203071184253894,0.0659966528262771,-0.269067837080171,"Type II"
"3444",-0.0689266190570695,0.0449595501583827,-0.113886169215452,"Type II"
"3453",0.128253944645372,-0.242313950996913,0.370567895642286,"Type I"
"3458",-0.120412398443836,-0.0607949248044104,-0.0596174736394255,"Type II"
"3531",-0.0415353325022409,-0.167955154821262,0.126419822319021,"Type I"
"3535",0.0892261907643132,-0.193142926634353,0.282369117398666,"Type I"
"3551",0.0948710479289209,-0.121867815592734,0.216738863521654,"Type I"
"3552",0.100523385805393,-0.164373447299387,0.26489683310478,"Type I"
"3556",0.106037110491434,-0.195889288464991,0.301926398956425,"Type I"
"3558",0.0554155733459596,-0.123476254176728,0.178891827522688,"Type I"
"3560",0.0777485785547353,-0.241064551808806,0.318813130363541,"Type I"
"3570",0.00075445179363276,-0.0861926188449355,0.0869470706385683,"Type I"
"3599",0.079391694913688,-0.165110346704655,0.244502041618343,"Type I"
"3642",-0.153924667471357,0.167921856812772,-0.321846524284129,"Type II"
"3644",0.0816777124511169,-0.175480504739899,0.257158217191016,"Type I"
"3808",0.162978969078698,-0.287997370905069,0.450976339983766,"Type I"
"3879",-0.15880033143954,0.175697665664831,-0.334497997104371,"Type II"
"3900",0.108533468044819,-0.18423643323315,0.292769901277969,"Type I"
"3909",0.0547471497387692,-0.1678335447033,0.222580694442069,"Type I"
"3941",0.0513209837048093,-0.200412026661571,0.25173301036638,"Type I"
"3950",0.0878796626286957,-0.201862661640115,0.289742324268811,"Type I"
"4144",-0.233356186174676,0.200261461753618,-0.433617647928294,"Type II"
"4154",0.0216234376863302,-0.147109153767308,0.168732591453638,"Type I"
"4157",-0.249029157614639,0.226562545241859,-0.475591702856498,"Type II"
"4192",0.114142681817602,-0.228935390281614,0.343078072099216,"Type I"
"4197",-0.129227317271512,0.0486469426637248,-0.177874259935236,"Type II"
"4297",-0.191791150845915,0.227659931782515,-0.419451082628429,"Type II"
"4342",-0.222773179095723,0.157689234029986,-0.380462413125708,"Type II"
"4367",0.0531167945941735,-0.219355698013122,0.272472492607296,"Type I"
"4404",-0.183877877818853,0.0435262880538327,-0.227404165872686,"Type II"
"4640",0.123558257803813,-0.179432833573658,0.302991091377471,"Type I"
"4773",-0.234960138806809,0.219653932350029,-0.454614071156837,"Type II"
"4809",0.0692223271966561,-0.24515875911352,0.314381086310176,"Type I"
"4828",-0.190602157701327,-0.0310134755592618,-0.159588682142065,"Type II"
"4839",0.117915600848577,-0.23723093761401,0.355146538462586,"Type I"
"4861",-0.149741189371581,-0.0337743147848948,-0.115966874586686,"Type II"
"4876",0.136653023901754,-0.219729214804005,0.35638223870576,"Type I"
"4891",-0.150208073800303,-0.11840771818882,-0.0318003556114829,"Type II"
"4992",-0.253661038384413,0.160157629876711,-0.413818668261123,"Type II"
"5023",-0.0940437692050776,-0.092312213709514,-0.00173155549556359,"Type II"
"5082",-0.145191156390442,0.168667442655038,-0.31385859904548,"Type II"
"5268",0.0942796316497477,-0.22980982493934,0.324089456589087,"Type I"
"5269",0.146400831503126,-0.202181164330015,0.348581995833141,"Type I"
"5270",-0.106570881285063,-0.110847622522194,0.00427674123713073,"Type I"
"5272",0.160750597026813,-0.105585089441346,0.266335686468159,"Type I"
"5283",0.0967821497893739,-0.209994614409062,0.306776764198436,"Type I"
"5290",0.15406548087116,-0.290124100229901,0.444189581101061,"Type I"
"5299",0.0504360594954215,-0.117345077396154,0.167781136891575,"Type I"
"5407",0.0824812289137434,-0.204354221318833,0.286835450232576,"Type I"
"5416",0.148405222240949,-0.257219876884233,0.405625099125182,"Type I"
"5418",0.0207156312994745,-0.117030917924752,0.137746549224227,"Type I"
"5420",0.0803303042317507,-0.234942061465228,0.315272365696979,"Type I"
"5421",-0.215436360924106,0.0126474522680287,-0.228083813192134,"Type II"
"5422",0.126035253514724,-0.246702049420036,0.37273730293476,"Type I"
"5423",0.108798373253199,-0.195582367691087,0.304380740944286,"Type I"
"5427",0.14571084584409,-0.265301158770695,0.411012004614786,"Type I"
"5428",-0.168513815774709,0.165906603429405,-0.334420419204114,"Type II"
"5429",0.128892885446979,-0.241989657349015,0.370882542795994,"Type I"
"5444",-0.157547532223166,-0.108926472206297,-0.0486210600168692,"Type II"
"5447",-0.233860914204596,0.200006659601698,-0.433867573806294,"Type II"
"5459",-0.0911676555140987,-0.163914513878031,0.0727468583639321,"Type I"
"5479",0.157522449836326,-0.216964032359873,0.3744864821962,"Type I"
"5499",-0.201774380850082,0.0894818829879027,-0.291256263837984,"Type II"
"5504",0.111345335622138,-0.246228638603684,0.357573974225822,"Type I"
"5552",0.0081867590519914,-0.188815633270212,0.197002392322203,"Type I"
"5566",-0.173629302564432,-0.0749986970344504,-0.0986306055299817,"Type II"
"5606",0.0760288949096396,-0.222249729272714,0.298278624182353,"Type I"
"5624",-0.0732051462017125,-0.156352970471905,0.0831478242701926,"Type I"
"5627",0.0188832969345363,-0.223497680721322,0.242380977655858,"Type I"
"5637",-0.23088975146875,0.128947261745511,-0.35983701321426,"Type II"
"5638",0.0113599010081799,-0.193132792457856,0.204492693466036,"Type I"
"5640",0.140297450705409,-0.206088613239288,0.346386063944697,"Type I"
"5645",-0.0612549290190454,-0.0956593874324629,0.0344044584134175,"Type I"
"5648",-0.0210505031658813,-0.0865067783163369,0.0654562751504556,"Type I"
"5649",-0.115095812517519,-0.149620981799019,0.0345251692814998,"Type I"
"5650",-0.0600003696351745,-0.184177075913668,0.124176706278494,"Type I"
"5651",0.105037775394707,-0.202443205179433,0.307480980574139,"Type I"
"5653",-0.000574474667009328,-0.104979934330536,0.104405459663527,"Type I"
"5655",-0.00757026038597836,-0.169447774245293,0.161877513859315,"Type I"
"5656",0.126073097115922,-0.233326384183736,0.359399481299657,"Type I"
"5657",0.120850240108849,-0.227315369781623,0.348165609890472,"Type I"
"5659",-0.153646561006745,-0.10162552191009,-0.0520210390966558,"Type II"
"5667",-0.08305592360169,0.131677698441653,-0.214733622043343,"Type II"
"5669",-0.0863936412188984,0.200578516704018,-0.286972157922917,"Type II"
"5700",0.0514543163927479,-0.198752917195092,0.250207233587839,"Type I"
"5701",0.15746260414141,-0.283639675011437,0.441102279152847,"Type I"
"5709",-0.0134980644758155,-0.211857855144977,0.198359790669161,"Type I"
"5710",0.202488568812208,-0.252160027333322,0.45464859614553,"Type I"
"5714",-0.197468131067352,0.0920559638180944,-0.289524094885447,"Type II"
"5728",-0.241042837636429,0.198761603632089,-0.439804441268518,"Type II"
"5730",-0.00635838506392267,-0.164059287827985,0.157700902764063,"Type I"
"5737",-0.267382424111478,0.209570426735695,-0.476952850847173,"Type II"
"5739",0.118258833510597,-0.272135936948049,0.390394770458646,"Type I"
"5741",-0.180439390612411,0.153347463270849,-0.33378685388326,"Type II"
"5744",-0.269194516550195,0.181106420435133,-0.450300936985327,"Type II"
"5746",-0.200612230259832,0.0436623755667901,-0.244274605826622,"Type II"
"5749",0.0478349719759332,-0.167916065854774,0.215751037830708,"Type I"
"5752",-0.0107610040171423,-0.202902138600789,0.192141134583646,"Type I"
"5756",-0.158668318877224,0.147139556296798,-0.305807875174023,"Type II"
"5757",0.0559634254795687,-0.26452082718044,0.320484252660009,"Type I"
"5763",-0.193052310857901,0.18837552046235,-0.381427831320251,"Type II"
"5764",-0.253769728727386,0.0446482861659804,-0.298418014893366,"Type II"
"5766",-0.241990687833854,0.20070012682198,-0.442690814655834,"Type II"
"5767",0.104688822188319,-0.252863628730101,0.35755245091842,"Type I"
"5769",0.0684861371408103,-0.23582952577845,0.30431566291926,"Type I"
"5770",-0.00582769456341464,-0.1493632841681,0.143535589604685,"Type I"
"5773",0.065297153677144,-0.232234788601078,0.297531942278222,"Type I"
"5816",0.0895192586526533,-0.204516368142782,0.294035626795435,"Type I"
"5827",0.0961084456796909,-0.232537366156483,0.328645811836174,"Type I"
"5838",0.118668072453775,-0.311669359462136,0.43033743191591,"Type I"
"5865",0.0494675273299008,-0.196786886954709,0.24625441428461,"Type I"
"5946",0.131089574483908,-0.209592142828188,0.340681717312096,"Type I"
"5947",0.0877529305688729,-0.262110340913697,0.34986327148257,"Type I"
"5996",-0.235593799105923,0.207141119855458,-0.442734918961381,"Type II"
"6002",-0.137480742667472,0.0120596700312133,-0.149540412698686,"Type II"
"6015",0.114237730862469,-0.224806437228911,0.33904416809138,"Type I"
"6016",0.100782570469406,-0.255914015855643,0.356696586325049,"Type I"
"6017",0.165595458063789,-0.23958640977977,0.405181867843559,"Type I"
"6049",-0.147422608735447,0.195184239328712,-0.342606848064159,"Type II"
"6087",-0.0452822890626272,0.0516987775287666,-0.0969810665913938,"Type II"
"6102",-0.162117807130527,0.031789463931018,-0.193907271061545,"Type II"
"6115",0.0205171724141269,-0.216547083384004,0.237064255798131,"Type I"
"6133",0.15672993442056,-0.232893510073371,0.389623444493931,"Type I"
"6142",0.00362484494024451,-0.107342645193794,0.110967490134039,"Type I"
"6146",0.104708624072667,-0.228867346525136,0.333575970597802,"Type I"
"6167",0.124145273664242,-0.219881227451457,0.344026501115699,"Type I"
"6172",0.0631752717588606,-0.191608322764835,0.254783594523696,"Type I"
"6192",-0.153687924942938,0.084312005235026,-0.237999930177964,"Type II"
"6347",-0.164208006033854,0.176182658397179,-0.340390664431033,"Type II"
"6351",0.0606181884268107,-0.261597841130858,0.322216029557669,"Type I"
"6362",0.128969892774996,-0.227402234151596,0.356372126926592,"Type I"
"6389",0.0953806164194585,-0.260116803622823,0.355497420042282,"Type I"
"6420",-0.201890991946794,0.183162210524487,-0.385053202471281,"Type II"
"6434",0.079494664712294,-0.223923316134188,0.303417980846482,"Type I"
"6484",0.10754205370183,-0.219115373256198,0.326657426958028,"Type I"
"6511",0.125195213576524,-0.22764255890852,0.352837772485044,"Type I"
"6547",0.0522745544466011,-0.252899822217589,0.305174376664191,"Type I"
"6549",-0.177554476083944,0.152373134587655,-0.329927610671599,"Type II"
"6577",-0.0609755024288112,-0.0990775003908897,0.0381019979620785,"Type I"
"6696",0.115693389382934,-0.16458626500582,0.280279654388754,"Type I"
"6728",-0.122878833149763,0.170267194802036,-0.293146027951799,"Type II"
"6746",0.167871794679982,-0.246790361529508,0.41466215620949,"Type I"
"6749",0.0594353558684645,-0.147954633635042,0.207389989503507,"Type I"
"6754",0.0827091706046748,-0.208497651766532,0.291206822371206,"Type I"
"6766",0.0634366566322452,-0.143434790917461,0.206871447549707,"Type I"
"6778",0.046974690111511,-0.10965034195607,0.156625032067581,"Type I"
"6807",0.125835034461879,-0.249387606191692,0.375222640653572,"Type I"
"6941",0.12592436296238,-0.191247835629448,0.317172198591828,"Type I"
"6981",-0.228308465833609,0.206900795098533,-0.435209260932142,"Type II"
"7014",-0.207283265075505,0.274258323054383,-0.481541588129888,"Type II"
"7075",-0.251051150027437,0.220361876965306,-0.471413026992743,"Type II"
"7095",-0.126232392274449,0.0626856725908167,-0.188918064865266,"Type II"
"7096",-0.169870024831563,0.156096720580486,-0.325966745412049,"Type II"
"7178",-0.19373965626569,0.000330084605896341,-0.194069740871587,"Type II"
"7207",-0.0994804865631013,0.119321241813033,-0.218801728376134,"Type II"
"7249",-0.259720855036565,0.225802482004598,-0.485523337041163,"Type II"
"7256",-0.103392898868256,0.0913986900853008,-0.194791588953557,"Type II"
"7487",0.104420396644945,-0.235916390148422,0.340336786793367,"Type I"
"7488",0.0563158990209508,-0.232656080795446,0.288971979816397,"Type I"
"7491",0.0425879126657693,-0.147653503819137,0.190241416484906,"Type I"
"7492",0.168742197507515,-0.258770405888246,0.427512603395761,"Type I"
"7493",0.122551882037095,-0.247124789353903,0.369676671390997,"Type I"
"7494",-0.210700630271977,0.102941517115176,-0.313642147387153,"Type II"
"7496",-0.268017404536216,0.187784842746536,-0.455802247282751,"Type II"
"7501",-0.217198288589142,0.144280270785196,-0.361478559374338,"Type II"
"7505",-0.225598687971147,0.111493314338991,-0.337092002310138,"Type II"
"7506",0.0981176768781318,-0.162379910008513,0.260497586886644,"Type I"
"7508",-0.196087279665533,0.151500147669429,-0.347587427334962,"Type II"
"7512",-0.19130798486784,0.215068941354968,-0.406376926222808,"Type II"
"7515",0.0108014878695857,-0.161447565770805,0.172249053640391,"Type I"
"7517",0.0985242755700633,-0.20579616986038,0.304320445430443,"Type I"
"7518",0.0861652594860928,-0.216819258409919,0.302984517896012,"Type I"
"7519",0.0372779273675683,-0.188833006144206,0.226110933511775,"Type I"
"7521",0.111591319029919,-0.230655304807074,0.342246623836993,"Type I"
"7522",0.151206968855156,-0.219319504525634,0.37052647338079,"Type I"
"7523",0.0923328863974695,-0.199166970691962,0.291499857089431,"Type I"
"7524",0.172867150037998,-0.220043374275406,0.392910524313404,"Type I"
"7527",0.0795536303234616,-0.247340502539335,0.326894132862797,"Type I"
"7534",-0.00828312822248162,-0.0458557009086013,0.0375725726861197,"Type I"
"7543",-0.0112696924239311,-0.151811411661831,0.1405417192379,"Type I"
"7545",-0.205460611631803,0.164130227063463,-0.369590838695266,"Type II"
"7547",0.071578311392112,-0.212513681138271,0.284091992530383,"Type I"
"7548",-0.199098926253822,0.0639220421234284,-0.263020968377251,"Type II"
"7549",-0.0507159261275303,-0.0888709369190945,0.0381550107915642,"Type I"
"7551",0.000216280581260109,-0.200079046576675,0.200295327157935,"Type I"
"7552",0.0312159105060438,-0.220799094294169,0.252015004800213,"Type I"
"7554",0.0996741049878307,-0.162501520126475,0.262175625114305,"Type I"
"7559",0.0214381800572142,-0.176952855810937,0.198391035868151,"Type I"
"7560",-0.107226543677896,0.0517494484112507,-0.158975992089147,"Type II"
"7566",0.134895496655462,-0.238655513281562,0.373551009937024,"Type I"
"7575",-0.257558929307713,0.202372265943955,-0.459931195251668,"Type II"
"7576",-0.21894525483045,0.113776399529774,-0.332721654360224,"Type II"
"7579",-0.169793897587294,0.123720922152152,-0.293514819739446,"Type II"
"7590",0.172977160506594,-0.255180011929373,0.428157172435967,"Type I"
"7592",-0.17531906336207,-0.169304448034838,-0.00601461532723113,"Type II"
"7593",-0.155136982835287,-0.128731548560078,-0.0264054342752083,"Type II"
"7594",0.00872933068310788,-0.188274178697382,0.19700350938049,"Type I"
"7598",0.0147526238596866,-0.0671287851149215,0.0818814089746081,"Type I"
"7602",0.107402120385776,-0.0912075884713608,0.198609708857137,"Type I"
"7604",-0.0914712844074242,0.0327362855637208,-0.124207569971145,"Type II"
"7622",0.0461122080377169,-0.12697399280763,0.173086200845347,"Type I"
"7628",-0.161107911028813,0.0638076707029643,-0.224915581731778,"Type II"
"7636",0.0172511816224432,-0.180711187551757,0.1979623691742,"Type I"
"7665",-0.214516233364767,0.109860264183504,-0.324376497548271,"Type II"
"7666",-0.128401358673291,0.158772143175645,-0.287173501848937,"Type II"
"7667",-0.10302194356815,0.216470353190528,-0.319492296758678,"Type II"
"7672",-0.213672233049697,0.170982378114812,-0.384654611164509,"Type II"
"7675",0.136325192705338,-0.292814000220056,0.429139192925394,"Type I"
"7676",-0.163885015298056,0.157000110028202,-0.320885125326258,"Type II"
"7680",-0.234498094838705,0.179917826306006,-0.414415921144711,"Type II"
"7682",0.0428867010984766,-0.144532177458117,0.187418878556594,"Type I"
"7684",-0.00221627090033888,-0.142718159865186,0.140501888964848,"Type I"
"7696",-0.0343274465998185,-0.0588925951020077,0.0245651485021893,"Type I"
"7697",0.0646678937967736,-0.0954118239780407,0.160079717774814,"Type I"
"7746",-0.230069953456771,0.152148734965225,-0.382218688421996,"Type II"
"7747",0.0911091299448056,-0.265742719318057,0.356851849262862,"Type I"
"7748",0.0924679792529057,-0.2764342755222,0.368902254775105,"Type I"
"7749",0.081003128257685,-0.239179594980398,0.320182723238083,"Type I"
"7750",-0.218496412118577,0.255596960905243,-0.47409337302382,"Type II"
"7752",0.170134930039943,-0.25687965810184,0.427014588141782,"Type I"
"7755",-0.215074206461487,0.195247939866692,-0.410322146328179,"Type II"
"7756",0.159087238741639,-0.257034566228291,0.41612180496993,"Type I"
"7773",0.139555100063322,-0.171363133603192,0.310918233666514,"Type I"
"7774",-0.0674348771029051,-0.211045673285732,0.143610796182827,"Type I"
"7781",0.0792759639007248,-0.235790436811962,0.315066400712687,"Type I"
"7790",-0.113419252976113,0.036774031027953,-0.150193284004066,"Type II"
"7791",0.136979534972548,-0.208736528783957,0.345716063756505,"Type I"
"7792",0.0814638521001658,-0.180621427702785,0.262085279802951,"Type I"
"7793",-0.0320858732917024,-0.177248194668844,0.145162321377142,"Type I"
"7794",0.189784999940594,-0.208719155909962,0.398504155850557,"Type I"
"7796",0.0453346540456789,-0.193708992778675,0.239043646824354,"Type I"
"7797",-0.0453790982749919,0.0536373007186579,-0.0990163989936498,"Type II"
"7874",-0.21449247110355,0.142447432578772,-0.356939903682322,"Type II"
"7875",-0.144449685832104,0.0729226385921022,-0.217372324424206,"Type II"
"7877",0.15206945092895,-0.227824974085463,0.379894425014413,"Type I"
"7886",-0.263143940777404,-0.00740518754017477,-0.25573875323723,"Type II"
"7890",-0.0393254422090806,-0.147235107103768,0.107909664894688,"Type I"
"7900",-0.187648596640456,0.188320506361367,-0.375969103001824,"Type II"
"7905",-0.142147386745323,0.127498074506466,-0.269645461251788,"Type II"
"7910",0.0789771754680175,-0.21404538952879,0.293022564996807,"Type I"
"7927",0.0243169339994393,-0.24149742591917,0.265814359918609,"Type I"
"7929",0.0054184556202368,-0.201506517723227,0.206924973343464,"Type I"
"7936",-0.214669367937053,-0.012369486284116,-0.202299881652937,"Type II"
"7940",0.144386319802192,-0.261609423046855,0.405995742849047,"Type I"
"7955",-0.167162007136599,-0.0437912243822495,-0.12337078275435,"Type II"
"7966",-0.256346613943783,0.242788809552764,-0.499135423496547,"Type II"
"7970",-0.248362054133071,0.129070319602972,-0.377432373736043,"Type II"
"8004",-0.216695760768595,0.121822935668248,-0.338518696436842,"Type II"
"8044",-0.137559070121113,0.210808244007806,-0.348367314128919,"Type II"
"8099",0.0149158793950832,-0.200113792324664,0.215029671719747,"Type I"
"8100",-0.231640902948325,0.138133168870126,-0.369774071818451,"Type II"
"8112",-0.194281347813058,0.231004210026465,-0.425285557839523,"Type II"
"8129",-0.180827507545618,0.135053826954593,-0.315881334500211,"Type II"
"8142",0.0983566196159227,-0.25117990769213,0.349536527308052,"Type I"
"8143",0.139055212494021,-0.151423417475953,0.290478629969974,"Type I"
"8147",-0.124451542808814,0.164105615491971,-0.288557158300784,"Type II"
"8183",-0.137017818615619,-0.143054035429081,0.00603621681346161,"Type I"
"8184",-0.00780392262127666,-0.109721281191548,0.101917358570271,"Type I"
"8186",-0.105524461707776,0.133200720395175,-0.238725182102951,"Type II"
"8355",0.0866281835379454,-0.147860530567572,0.234488714105517,"Type I"
"8458",-0.168045611220364,0.146257882941575,-0.314303494161939,"Type II"
"8470",-0.014863074370157,-0.174409177510235,0.159546103140078,"Type I"
"8479",0.127262970344258,-0.247478037791792,0.37474100813605,"Type I"
"8480",-0.050006578626022,-0.122714743199968,0.0727081645739456,"Type I"
"8481",0.0372062005420435,-0.256200668276553,0.293406868818596,"Type I"
"8488",0.093662252899986,-0.259634706369475,0.353296959269461,"Type I"
"8490",-0.0994153603656924,0.121673818499794,-0.221089178865487,"Type II"
"8492",0.152830283329762,-0.24723047433737,0.400060757667131,"Type I"
"8493",-0.18434124191258,-0.0162639055378931,-0.168077336374687,"Type II"
"8495",0.137226398464078,-0.193682933467684,0.330909331931761,"Type I"
"8497",0.00574804698415099,-0.213399697711992,0.219147744696143,"Type I"
"8499",-0.00898147467713029,-0.202698007331353,0.193716532654223,"Type I"
"8500",0.148428104418416,-0.273270964715693,0.421699069134109,"Type I"
"8501",-0.233264657464804,0.161108794727912,-0.394373452192716,"Type II"
"8502",0.123679269319268,-0.212571590718252,0.336250860037521,"Type I"
"8503",-0.0196612909684485,-0.178478773243458,0.158817482275009,"Type I"
"8504",-0.0999156879768679,-0.0073617553551884,-0.0925539326216795,"Type II"
"8520",-0.146546925405422,0.121837413063243,-0.268384338468665,"Type II"
"8571",0.0608558110389784,-0.217880451463086,0.278736262502064,"Type I"
"8576",0.16921040206186,-0.238895838038487,0.408106240100347,"Type I"
"8583",-0.196787386287679,0.202535860507404,-0.399323246795083,"Type II"
"8586",-0.194758353204891,0.145014274711465,-0.339772627916356,"Type II"
"8639",0.12473316960842,-0.267726122432434,0.392459292040854,"Type I"
"8644",0.126514899157804,-0.237652229808377,0.364167128966181,"Type I"
"8645",-0.186471924668351,0.181508892016006,-0.367980816684358,"Type II"
"8668",-0.251541796717376,0.151291673181494,-0.40283346989887,"Type II"
"8698",0.135319256980494,-0.248969209476324,0.384288466456818,"Type I"
"8718",-0.1983279728899,0.232810988921897,-0.431138961811798,"Type II"
"8719",-0.135276572918679,0.00286362873010082,-0.13814020164878,"Type II"
"8723",-0.260443403794305,0.211277311605659,-0.471720715399964,"Type II"
"8726",0.155537420940977,-0.241249862464748,0.396787283405724,"Type I"
"8733",0.164344419014913,-0.244996612289571,0.409341031304485,"Type I"
"8734",-0.20444675515322,0.188513055714807,-0.392959810868027,"Type II"
"8735",-0.130096840015296,0.144425044735151,-0.274521884750446,"Type II"
"8736",0.175972965587405,-0.246565961907078,0.422538927494484,"Type I"
"8788",0.130400908950496,-0.231965509054163,0.362366418004659,"Type I"
"8792",0.158789770434555,-0.306039100548404,0.464828870982958,"Type I"
"8793",0.103766494419609,-0.212862586357661,0.31662908077727,"Type I"
"8809",0.115371718772758,-0.232598171215464,0.347969889988223,"Type I"
"8810",-0.11475566014862,-0.0134118587237887,-0.101343801424831,"Type II"
"8812",0.160862367662907,-0.230853645118512,0.391716012781419,"Type I"
"8813",-0.274949824225273,0.0380234302160607,-0.312973254441334,"Type II"
"8814",0.040486712715582,-0.162433476369996,0.202920189085578,"Type I"
"8815",-0.12887088335326,0.0464883630699026,-0.175359246423162,"Type II"
"8817",0.144213383345559,-0.146825396825397,0.291038780170956,"Type I"
"8818",-0.252589536420286,0.20277184204583,-0.455361378466115,"Type II"
"8822",-0.216594991179361,0.250293891118408,-0.466888882297768,"Type II"
"8824",-0.252511208966645,0.234997075566211,-0.487508284532856,"Type II"
"8828",-0.17428848529226,0.0530133249943538,-0.227301810286614,"Type II"
"8833",-0.207430679103423,0.188751932732232,-0.396182611835655,"Type II"
